{"cameraMode":{"drawMode":0,"name":"Shaded","section":"Shading Mode"},"sceneLighting":false,"audioPlay":false,"sceneViewState":{"showFog":true,"showMaterialUpdate":false,"showSkybox":false,"showFlares":true,"showImageEffects":true,"showParticleSystems":true},"in2DMode":false,"pivot":{"x":-0.1488332748413086,"y":5.480796813964844,"z":0.17030155658721925},"rotation":{"x":-0.6136813759803772,"y":0.06422480940818787,"z":-0.050185706466436389,"w":-0.7853397727012634},"size":23.56850242614746,"orthographic":false}